{
  "version": 1,
  "author": "Luana Dominguez",
  "editor": "wokwi",
  "parts": [
    {
      "type": "board-esp32-devkit-c-v4",
      "id": "esp",
      "top": -48,
      "left": 62.44,
      "attrs": { "env": "micropython-20231005-v1.21.0" }
    },
    { "type": "wokwi-pir-motion-sensor", "id": "pir1", "top": 52, "left": -141.78, "attrs": {} },
    {
      "type": "wokwi-led",
      "id": "led1",
      "top": -42,
      "left": -25,
      "attrs": { "color": "magenta" }
    },
    {
      "type": "wokwi-resistor",
      "id": "r1",
      "top": 33.6,
      "left": -19.75,
      "rotate": 90,
      "attrs": { "value": "1000" }
    },
    {
      "type": "wokwi-buzzer",
      "id": "bz1",
      "top": -45.6,
      "left": 184.2,
      "attrs": { "volume": "0.1" }
    },
    {
      "type": "wokwi-resistor",
      "id": "r2",
      "top": -53.65,
      "left": 182.4,
      "attrs": { "value": "1000" }
    },
    {
      "type": "wokwi-lcd2004",
      "id": "lcd1",
      "top": 169.6,
      "left": 293.6,
      "attrs": { "pins": "i2c" }
    },
    {
      "type": "wokwi-led",
      "id": "led2",
      "top": -99.6,
      "left": 157.4,
      "attrs": { "color": "red" }
    }
  ],
  "connections": [
    [ "esp:TX", "$serialMonitor:RX", "", [] ],
    [ "esp:RX", "$serialMonitor:TX", "", [] ],
    [ "pir1:VCC", "esp:3V3", "green", [ "v38.4", "h153.6", "v-220.8" ] ],
    [ "pir1:OUT", "esp:13", "green", [ "v9.6", "h153.46", "v-57.6" ] ],
    [ "pir1:GND", "esp:GND.1", "black", [ "v0", "h114.94", "v-57.6" ] ],
    [ "led1:C", "esp:GND.1", "black", [ "v144", "h38.8", "v-38.4" ] ],
    [ "led1:A", "r1:1", "green", [ "v0" ] ],
    [ "r1:2", "esp:12", "green", [ "h0", "v27.6" ] ],
    [ "esp:5", "bz1:2", "green", [ "h57.6" ] ],
    [ "esp:17", "r2:2", "green", [ "h96", "v-9.6" ] ],
    [ "bz1:1", "esp:GND.3", "black", [ "v0", "h-38.4", "v-19.2" ] ],
    [ "lcd1:GND", "esp:D0", "black", [ "h-105.6", "v-57.6" ] ],
    [ "esp:VP", "lcd1:VCC", "green", [ "h-38.25", "v-105.6", "h249.6", "v316.8" ] ],
    [ "esp:19", "lcd1:SDA", "green", [ "h86.4", "v163.2" ] ],
    [ "esp:18", "lcd1:SCL", "green", [ "h67.2", "v172.8" ] ],
    [ "led2:A", "r2:1", "green", [ "v0" ] ],
    [ "led2:C", "esp:GND.3", "green", [ "v96", "h0.4" ] ]
  ],
  "dependencies": {}
}